id,name,type,bucket,category,ecosystem,product_line,modality,registry_file,semver,status,primary_use_case,high_level_explanation,capabilities,core_capabilities,best_integration_scenarios,limitations,example_workflow,adoption_level,sentiment_score_0_10,community_notes,cost_tier,pricing_model,best_in_class_strength,risk_flags,compliance_scope,data_handling,audit_level,sla_profile_ref,breaker_profile_ref,p50_latency_ms,entrypoints,sdk_langs,wrapper_requirements,integration_notes,evidence_sources,last_reviewed_at,owner,notes
model.openai.chatgpt,ChatGPT,model,LLM,Generalist,OpenAI,Chat,text,tools.json,0.6.0,active,Conversational AI,General-purpose conversational model from OpenAI.,[],[],[],[],,dominant,9.0,,Freemium + Pro,,Ecosystem breadth + plugins/tools,[],[],,,,,,"['ui', 'api']","['python', 'js']",[],,[],2025-09-03,,
model.openai.dalle,DALL·E,model,GenAI,Images,OpenAI,Images,image,tools.json,0.6.0,active,Text-to-image,OpenAI image generation model.,[],[],[],[],,established,8.0,,Paid,,Convenient inside OpenAI stack,[],[],,,,,,"['ui', 'api']","['python', 'js']",[],,[],2025-09-03,,
model.openai.voice,OpenAI Voice,model,Speech,TTS/STT,OpenAI,Voice,audio,tools.json,0.6.0,active,"Realtime voice, TTS/STT",Speech capabilities from OpenAI for TTS/STT.,[],[],[],[],,growing,7.5,,Paid,,Tight integration,[],[],,,,,,"['ui', 'api']","['python', 'js']",[],,[],2025-09-03,,
model.anthropic.claude,Claude,model,LLM,Generalist,Anthropic,Chat,text,tools.json,0.6.0,active,Long-context reasoning,General LLM by Anthropic.,[],[],[],[],,established,9.0,,Freemium + API,,Long-context safe reasoning,[],[],,,,,,"['ui', 'api']",[],[],,[],2025-09-03,,
model.anthropic.claude_code,Claude Code,model,GenAI,Code,Anthropic,Code,text,tools.json,0.6.0,active,Coding assistant,Claude variant for code tasks.,[],[],[],[],,growing,8.0,,API,,Safe refactoring + large context,[],[],,,,,,"['ui', 'api']",[],[],,[],2025-09-03,,
model.google.gemini,Gemini,model,LLM,Generalist,Google,Chat,text,tools.json,0.6.0,active,Grounded chat,Google's general LLM with search grounding.,[],[],[],[],,established,8.5,,Freemium + API,,Search grounding,[],[],,,,,,"['ui', 'api']",[],[],,[],2025-09-03,,
tool.google.notebooklm,NotebookLM,tool,Productivity,Research,Google,Knowledge,text,tools.json,0.6.0,active,Doc-grounded research,Summarize and reason over uploaded docs.,[],[],[],[],,growing,7.0,,Freemium,,Doc grounding,[],[],,,,,,['ui'],[],[],,[],2025-09-03,,
model.google.imagen,Imagen,model,GenAI,Images,Google,Images,image,tools.json,0.6.0,active,Text-to-image,Google's image generation model.,[],[],[],[],,growing,7.5,,Paid,,Photorealism,[],[],,,,,,['api'],[],[],,[],2025-09-03,,
model.google.chirp,Chirp,model,Speech,TTS/STT,Google,Voice,audio,tools.json,0.6.0,active,STT/TTS,Google speech model for recognition and synthesis.,[],[],[],[],,established,8.0,,Paid,,Robust STT,[],[],,,,,,['api'],[],[],,[],2025-09-03,,
model.llama.chat,Llama Chat,model,LLM,Generalist,Llama,Chat,text,tools.json,0.6.0,active,Open LLM chat,Open ecosystem chat model.,[],[],[],[],,established,8.5,,Free/OSS,,Local deploy,[],[],,,,,,"['api', 'local']",[],[],,[],2025-09-03,,
model.llama.code,Llama Code,model,GenAI,Code,Llama,Code,text,tools.json,0.6.0,active,Coding tasks,Open coding model.,[],[],[],[],,growing,8.0,,Free/OSS,,Customizability,[],[],,,,,,"['api', 'local']",[],[],,[],2025-09-03,,
model.llama.vision,Llama Vision,model,Vision,Multimodal,Llama,Vision,image,tools.json,0.6.0,active,Vision-language,Open vision-language model.,[],[],[],[],,growing,7.5,,Free/OSS,,OSS flexibility,[],[],,,,,,[],[],[],,[],2025-09-03,,
model.mistral.chat,Mistral Chat,model,LLM,Generalist,Mistral,Chat,text,tools.json,0.6.0,active,Fast reasoning,Lightweight chat model.,[],[],[],[],,growing,7.5,,Paid,,Latency/efficiency,[],[],,,,,,[],[],[],,[],2025-09-03,,
model.mistral.codestral,Codestral,model,GenAI,Code,Mistral,Code,text,tools.json,0.6.0,active,Coding,Mistral coding model.,[],[],[],[],,growing,7.5,,Paid,,OSS-friendly coding,[],[],,,,,,[],[],[],,[],2025-09-03,,
model.mistral.pixtral,Pixtral,model,Vision,Multimodal,Mistral,Vision,image,tools.json,0.6.0,active,Image reasoning,Mistral multimodal model.,[],[],[],[],,niche,6.8,,Paid,,Lightweight VLM,[],[],,,,,,[],[],[],,[],2025-09-03,,
model.qwen.chat,Qwen Chat,model,LLM,Generalist,Qwen,Chat,text,tools.json,0.6.0,active,Multilingual chat,Qwen chat model.,[],[],[],[],,growing,7.5,,Freemium+Paid,,Multilingual coverage,[],[],,,,,,[],[],[],,[],2025-09-03,,
model.qwen.coder,Qwen Coder,model,GenAI,Code,Qwen,Code,text,tools.json,0.6.0,active,Code generation,Qwen coding model.,[],[],[],[],,growing,7.0,,Freemium+Paid,,Cost-efficient coding,[],[],,,,,,[],[],[],,[],2025-09-03,,
model.qwen.vision,Qwen-VL,model,Vision,Multimodal,Qwen,Vision,image,tools.json,0.6.0,active,Image understanding,Qwen vision-language model.,[],[],[],[],,growing,7.0,,Paid,,VLM balance,[],[],,,,,,[],[],[],,[],2025-09-03,,
model.qwen.audio,Qwen Audio,model,Speech,TTS/STT,Qwen,Voice,audio,tools.json,0.6.0,active,Speech tasks,Qwen speech model.,[],[],[],[],,niche,6.5,,Paid,,Multilingual speech,[],[],,,,,,[],[],[],,[],2025-09-03,,
model.deepseek.chat,DeepSeek Chat,model,LLM,Generalist,DeepSeek,Chat,text,tools.json,0.6.0,active,Efficient reasoning,"Open, low-cost chat model.",[],[],[],[],,growing,7.0,,Open-source/Free,,Efficiency,[],[],,,,,,[],[],[],,[],2025-09-03,,
tool.minimax.chat,MiniMax Chat,tool,Generalist LLM / Chat,Generalist LLM / Chat,MiniMax,,,tools.json,0.6.0,active,Conversational partner,MiniMax Chat within MiniMax ecosystem.,[],[],[],[],,Growing,7.0,,Freemium + Paid,,Cost-effective chatbot,[],[],,,,,,"['api', 'ui']","['python', 'js']",[],,[],2025-09-03,,
tool.minimax.agent,MiniMax Agent,tool,Agent Framework,Agent Framework,MiniMax,,,tools.json,0.6.0,active,Autonomous workflows,MiniMax Agent within MiniMax ecosystem.,[],[],[],[],,Early,6.0,,Freemium + Paid,,Integrated MiniMax workflows,[],[],,,,,,"['api', 'ui']","['python', 'js']",[],,[],2025-09-03,,
tool.minimax.audio,MiniMax Audio (Speech 2.5),tool,Speech AI / Voice,Speech AI / Voice,MiniMax,,,tools.json,0.6.0,active,TTS/voice cloning,MiniMax Audio (Speech 2.5) within MiniMax ecosystem.,[],[],[],[],,Growing,7.5,,Freemium + Paid,,Multilingual expressive cloning,[],[],,,,,,"['api', 'ui']","['python', 'js']",[],,[],2025-09-03,,
tool.minimax.hailuo,MiniMax Hailuo (Video + Video Agent),tool,Generative AI – Video,Generative AI,MiniMax,,,tools.json,0.6.0,active,Text-to-video cinematic,MiniMax Hailuo (Video + Video Agent) within MiniMax ecosystem.,[],[],[],[],,Early,6.0,,Freemium + Paid,,Cinematic vibe video gen,[],[],,,,,,"['api', 'ui']","['python', 'js']",[],,[],2025-09-03,,
tool.minimax.m1,MiniMax M1,tool,Text LLM (Reasoning),Text LLM (Reasoning),MiniMax,,,tools.json,0.6.0,active,Long-context reasoning,MiniMax M1 within MiniMax ecosystem.,[],[],[],[],,Growing,7.0,,Freemium + Paid,,Extreme long-context,[],[],,,,,,"['api', 'ui']","['python', 'js']",[],,[],2025-09-03,,
tool.minimax.mcp,MiniMax MCP Server,tool,Developer Infra / APIs,Developer Infra / APIs,MiniMax,,,tools.json,0.6.0,active,Multimodal API server,MiniMax MCP Server within MiniMax ecosystem.,[],[],[],[],,Early,6.0,,Freemium + Paid,,Full-stack multimodal API,[],[],,,,,,"['api', 'ui']","['python', 'js']",[],,[],2025-09-03,,
tool.image.midjourney,MidJourney,tool,GenAI,Images,MidJourney,,,tools.json,0.6.0,active,Images tasks,MidJourney used for images within GenAI.,[],[],[],[],,growing,,,Varies,,,[],[],,,,,,['api'],"['python', 'js']",[],,[],2025-09-03,,
tool.image.stable_diffusion_(automatic1111),Stable Diffusion (Automatic1111),tool,GenAI,Images,Stable Diffusion (Automatic1111),,,tools.json,0.6.0,active,Images tasks,Stable Diffusion (Automatic1111) used for images within GenAI.,[],[],[],[],,growing,,,Varies,,,[],[],,,,,,['api'],"['python', 'js']",[],,[],2025-09-03,,
tool.image.comfyui,ComfyUI,tool,GenAI,Images,ComfyUI,,,tools.json,0.6.0,active,Images tasks,ComfyUI used for images within GenAI.,[],[],[],[],,growing,,,Varies,,,[],[],,,,,,['api'],"['python', 'js']",[],,[],2025-09-03,,
tool.image.adobe_firefly,Adobe Firefly,tool,GenAI,Images,Adobe Firefly,,,tools.json,0.6.0,active,Images tasks,Adobe Firefly used for images within GenAI.,[],[],[],[],,growing,,,Varies,,,[],[],,,,,,['api'],"['python', 'js']",[],,[],2025-09-03,,
tool.image.canva_ai,Canva AI,tool,GenAI,Images,Canva AI,,,tools.json,0.6.0,active,Images tasks,Canva AI used for images within GenAI.,[],[],[],[],,growing,,,Varies,,,[],[],,,,,,['api'],"['python', 'js']",[],,[],2025-09-03,,
tool.image.nano_banana,Nano Banana,tool,GenAI,Images,Nano Banana,,,tools.json,0.6.0,active,Images tasks,Nano Banana used for images within GenAI.,[],[],[],[],,growing,,,Varies,,,[],[],,,,,,['api'],"['python', 'js']",[],,[],2025-09-03,,
tool.image.remove.bg,Remove.bg,tool,GenAI,Images,Remove.bg,,,tools.json,0.6.0,active,Images tasks,Remove.bg used for images within GenAI.,[],[],[],[],,growing,,,Varies,,,[],[],,,,,,['api'],"['python', 'js']",[],,[],2025-09-03,,
tool.image.photoshop_api,Photoshop API,tool,GenAI,Images,Photoshop API,,,tools.json,0.6.0,active,Images tasks,Photoshop API used for images within GenAI.,[],[],[],[],,growing,,,Varies,,,[],[],,,,,,['api'],"['python', 'js']",[],,[],2025-09-03,,
tool.image.clipdrop,Clipdrop,tool,GenAI,Images,Clipdrop,,,tools.json,0.6.0,active,Images tasks,Clipdrop used for images within GenAI.,[],[],[],[],,growing,,,Varies,,,[],[],,,,,,['api'],"['python', 'js']",[],,[],2025-09-03,,
tool.image.gfpgan,GFPGAN,tool,GenAI,Images,GFPGAN,,,tools.json,0.6.0,active,Images tasks,GFPGAN used for images within GenAI.,[],[],[],[],,growing,,,Varies,,,[],[],,,,,,['api'],"['python', 'js']",[],,[],2025-09-03,,
tool.image.topaz_gigapixel,Topaz Gigapixel,tool,GenAI,Images,Topaz Gigapixel,,,tools.json,0.6.0,active,Images tasks,Topaz Gigapixel used for images within GenAI.,[],[],[],[],,growing,,,Varies,,,[],[],,,,,,['api'],"['python', 'js']",[],,[],2025-09-03,,
tool.video.runway_ml,Runway ML,tool,GenAI,Video,Runway ML,,,tools.json,0.6.0,active,Video tasks,Runway ML used for video within GenAI.,[],[],[],[],,growing,,,Varies,,,[],[],,,,,,['api'],"['python', 'js']",[],,[],2025-09-03,,
tool.video.kling_ai,Kling AI,tool,GenAI,Video,Kling AI,,,tools.json,0.6.0,active,Video tasks,Kling AI used for video within GenAI.,[],[],[],[],,growing,,,Varies,,,[],[],,,,,,['api'],"['python', 'js']",[],,[],2025-09-03,,
tool.video.pika_labs,Pika Labs,tool,GenAI,Video,Pika Labs,,,tools.json,0.6.0,active,Video tasks,Pika Labs used for video within GenAI.,[],[],[],[],,growing,,,Varies,,,[],[],,,,,,['api'],"['python', 'js']",[],,[],2025-09-03,,
tool.video.luma_ai,Luma AI,tool,GenAI,Video,Luma AI,,,tools.json,0.6.0,active,Video tasks,Luma AI used for video within GenAI.,[],[],[],[],,growing,,,Varies,,,[],[],,,,,,['api'],"['python', 'js']",[],,[],2025-09-03,,
tool.video.synthesia,Synthesia,tool,GenAI,Video,Synthesia,,,tools.json,0.6.0,active,Video tasks,Synthesia used for video within GenAI.,[],[],[],[],,growing,,,Varies,,,[],[],,,,,,['api'],"['python', 'js']",[],,[],2025-09-03,,
tool.video.heygen,HeyGen,tool,GenAI,Video,HeyGen,,,tools.json,0.6.0,active,Video tasks,HeyGen used for video within GenAI.,[],[],[],[],,growing,,,Varies,,,[],[],,,,,,['api'],"['python', 'js']",[],,[],2025-09-03,,
tool.video.descript,Descript,tool,GenAI,Video,Descript,,,tools.json,0.6.0,active,Video tasks,Descript used for video within GenAI.,[],[],[],[],,growing,,,Varies,,,[],[],,,,,,['api'],"['python', 'js']",[],,[],2025-09-03,,
tool.video.capcut_ai,CapCut AI,tool,GenAI,Video,CapCut AI,,,tools.json,0.6.0,active,Video tasks,CapCut AI used for video within GenAI.,[],[],[],[],,growing,,,Varies,,,[],[],,,,,,['api'],"['python', 'js']",[],,[],2025-09-03,,
tool.video.invideo,Invideo,tool,GenAI,Video,Invideo,,,tools.json,0.6.0,active,Video tasks,Invideo used for video within GenAI.,[],[],[],[],,growing,,,Varies,,,[],[],,,,,,['api'],"['python', 'js']",[],,[],2025-09-03,,
tool.video.colossyan,Colossyan,tool,GenAI,Video,Colossyan,,,tools.json,0.6.0,active,Video tasks,Colossyan used for video within GenAI.,[],[],[],[],,growing,,,Varies,,,[],[],,,,,,['api'],"['python', 'js']",[],,[],2025-09-03,,
tool.dev.cursor,Cursor,tool,Dev Tools,AI IDE / Code Assist,Cursor,,,tools.json,0.6.0,active,AI IDE / Code Assist tasks,Cursor used for ai ide / code assist within Dev Tools.,[],[],[],[],,growing,,,Varies,,,[],[],,,,,,['api'],"['python', 'js']",[],,[],2025-09-03,,
tool.dev.github_copilot,GitHub Copilot,tool,Dev Tools,AI IDE / Code Assist,GitHub Copilot,,,tools.json,0.6.0,active,AI IDE / Code Assist tasks,GitHub Copilot used for ai ide / code assist within Dev Tools.,[],[],[],[],,growing,,,Varies,,,[],[],,,,,,['api'],"['python', 'js']",[],,[],2025-09-03,,
tool.dev.codeium,Codeium,tool,Dev Tools,AI IDE / Code Assist,Codeium,,,tools.json,0.6.0,active,AI IDE / Code Assist tasks,Codeium used for ai ide / code assist within Dev Tools.,[],[],[],[],,growing,,,Varies,,,[],[],,,,,,['api'],"['python', 'js']",[],,[],2025-09-03,,
tool.dev.replit_ai,Replit AI,tool,Dev Tools,AI IDE / Code Assist,Replit AI,,,tools.json,0.6.0,active,AI IDE / Code Assist tasks,Replit AI used for ai ide / code assist within Dev Tools.,[],[],[],[],,growing,,,Varies,,,[],[],,,,,,['api'],"['python', 'js']",[],,[],2025-09-03,,
tool.dev.tabnine,Tabnine,tool,Dev Tools,AI IDE / Code Assist,Tabnine,,,tools.json,0.6.0,active,AI IDE / Code Assist tasks,Tabnine used for ai ide / code assist within Dev Tools.,[],[],[],[],,growing,,,Varies,,,[],[],,,,,,['api'],"['python', 'js']",[],,[],2025-09-03,,
tool.dev.phind,Phind,tool,Dev Tools,AI IDE / Code Assist,Phind,,,tools.json,0.6.0,active,AI IDE / Code Assist tasks,Phind used for ai ide / code assist within Dev Tools.,[],[],[],[],,growing,,,Varies,,,[],[],,,,,,['api'],"['python', 'js']",[],,[],2025-09-03,,
tool.dev.jetbrains_ai,JetBrains AI,tool,Dev Tools,AI IDE / Code Assist,JetBrains AI,,,tools.json,0.6.0,active,AI IDE / Code Assist tasks,JetBrains AI used for ai ide / code assist within Dev Tools.,[],[],[],[],,growing,,,Varies,,,[],[],,,,,,['api'],"['python', 'js']",[],,[],2025-09-03,,
tool.dev.aider,Aider,tool,Dev Tools,AI IDE / Code Assist,Aider,,,tools.json,0.6.0,active,AI IDE / Code Assist tasks,Aider used for ai ide / code assist within Dev Tools.,[],[],[],[],,growing,,,Varies,,,[],[],,,,,,['api'],"['python', 'js']",[],,[],2025-09-03,,
tool.dev.continue.dev,Continue.dev,tool,Dev Tools,AI IDE / Code Assist,Continue.dev,,,tools.json,0.6.0,active,AI IDE / Code Assist tasks,Continue.dev used for ai ide / code assist within Dev Tools.,[],[],[],[],,growing,,,Varies,,,[],[],,,,,,['api'],"['python', 'js']",[],,[],2025-09-03,,
tool.dev.sourcegraph_cody,Sourcegraph Cody,tool,Dev Tools,AI IDE / Code Assist,Sourcegraph Cody,,,tools.json,0.6.0,active,AI IDE / Code Assist tasks,Sourcegraph Cody used for ai ide / code assist within Dev Tools.,[],[],[],[],,growing,,,Varies,,,[],[],,,,,,['api'],"['python', 'js']",[],,[],2025-09-03,,
tool.automation.n8n,n8n,tool,Automation/RPA,Workflow Automation/Robotics,n8n,,,tools.json,0.6.0,active,Workflow Automation/Robotics tasks,n8n used for workflow automation/robotics within Automation/RPA.,[],[],[],[],,growing,,,OSS/Freemium/Paid,,,[],[],,,,,,['api'],"['python', 'js']",[],,[],2025-09-03,,
tool.automation.zapier,Zapier,tool,Automation/RPA,Workflow Automation/Robotics,Zapier,,,tools.json,0.6.0,active,Workflow Automation/Robotics tasks,Zapier used for workflow automation/robotics within Automation/RPA.,[],[],[],[],,growing,,,OSS/Freemium/Paid,,,[],[],,,,,,['api'],"['python', 'js']",[],,[],2025-09-03,,
tool.automation.make_(integromat),Make (Integromat),tool,Automation/RPA,Workflow Automation/Robotics,Make (Integromat),,,tools.json,0.6.0,active,Workflow Automation/Robotics tasks,Make (Integromat) used for workflow automation/robotics within Automation/RPA.,[],[],[],[],,growing,,,OSS/Freemium/Paid,,,[],[],,,,,,['api'],"['python', 'js']",[],,[],2025-09-03,,
tool.automation.pipedream,Pipedream,tool,Automation/RPA,Workflow Automation/Robotics,Pipedream,,,tools.json,0.6.0,active,Workflow Automation/Robotics tasks,Pipedream used for workflow automation/robotics within Automation/RPA.,[],[],[],[],,growing,,,OSS/Freemium/Paid,,,[],[],,,,,,['api'],"['python', 'js']",[],,[],2025-09-03,,
tool.automation.windmill,Windmill,tool,Automation/RPA,Workflow Automation/Robotics,Windmill,,,tools.json,0.6.0,active,Workflow Automation/Robotics tasks,Windmill used for workflow automation/robotics within Automation/RPA.,[],[],[],[],,growing,,,OSS/Freemium/Paid,,,[],[],,,,,,['api'],"['python', 'js']",[],,[],2025-09-03,,
tool.automation.activepieces,Activepieces,tool,Automation/RPA,Workflow Automation/Robotics,Activepieces,,,tools.json,0.6.0,active,Workflow Automation/Robotics tasks,Activepieces used for workflow automation/robotics within Automation/RPA.,[],[],[],[],,growing,,,OSS/Freemium/Paid,,,[],[],,,,,,['api'],"['python', 'js']",[],,[],2025-09-03,,
tool.automation.uipath,UiPath,tool,Automation/RPA,Workflow Automation/Robotics,UiPath,,,tools.json,0.6.0,active,Workflow Automation/Robotics tasks,UiPath used for workflow automation/robotics within Automation/RPA.,[],[],[],[],,growing,,,OSS/Freemium/Paid,,,[],[],,,,,,['api'],"['python', 'js']",[],,[],2025-09-03,,
tool.automation.power_automate,Power Automate,tool,Automation/RPA,Workflow Automation/Robotics,Power Automate,,,tools.json,0.6.0,active,Workflow Automation/Robotics tasks,Power Automate used for workflow automation/robotics within Automation/RPA.,[],[],[],[],,growing,,,OSS/Freemium/Paid,,,[],[],,,,,,['api'],"['python', 'js']",[],,[],2025-09-03,,
tool.automation.automation_anywhere,Automation Anywhere,tool,Automation/RPA,Workflow Automation/Robotics,Automation Anywhere,,,tools.json,0.6.0,active,Workflow Automation/Robotics tasks,Automation Anywhere used for workflow automation/robotics within Automation/RPA.,[],[],[],[],,growing,,,OSS/Freemium/Paid,,,[],[],,,,,,['api'],"['python', 'js']",[],,[],2025-09-03,,
tool.automation.robocorp,Robocorp,tool,Automation/RPA,Workflow Automation/Robotics,Robocorp,,,tools.json,0.6.0,active,Workflow Automation/Robotics tasks,Robocorp used for workflow automation/robotics within Automation/RPA.,[],[],[],[],,growing,,,OSS/Freemium/Paid,,,[],[],,,,,,['api'],"['python', 'js']",[],,[],2025-09-03,,
tool.commerce.shopify,Shopify,tool,E-commerce,Storefront/Payments,Shopify,,,tools.json,0.6.0,active,Storefront/Payments tasks,Shopify used for storefront/payments within E-commerce.,[],[],[],[],,growing,,,Varies,,,[],[],,,,,,['api'],"['python', 'js']",[],,[],2025-09-03,,
tool.commerce.woocommerce,WooCommerce,tool,E-commerce,Storefront/Payments,WooCommerce,,,tools.json,0.6.0,active,Storefront/Payments tasks,WooCommerce used for storefront/payments within E-commerce.,[],[],[],[],,growing,,,Varies,,,[],[],,,,,,['api'],"['python', 'js']",[],,[],2025-09-03,,
tool.commerce.magento,Magento,tool,E-commerce,Storefront/Payments,Magento,,,tools.json,0.6.0,active,Storefront/Payments tasks,Magento used for storefront/payments within E-commerce.,[],[],[],[],,growing,,,Varies,,,[],[],,,,,,['api'],"['python', 'js']",[],,[],2025-09-03,,
tool.commerce.bigcommerce,BigCommerce,tool,E-commerce,Storefront/Payments,BigCommerce,,,tools.json,0.6.0,active,Storefront/Payments tasks,BigCommerce used for storefront/payments within E-commerce.,[],[],[],[],,growing,,,Varies,,,[],[],,,,,,['api'],"['python', 'js']",[],,[],2025-09-03,,
tool.commerce.commercetools,CommerceTools,tool,E-commerce,Storefront/Payments,CommerceTools,,,tools.json,0.6.0,active,Storefront/Payments tasks,CommerceTools used for storefront/payments within E-commerce.,[],[],[],[],,growing,,,Varies,,,[],[],,,,,,['api'],"['python', 'js']",[],,[],2025-09-03,,
tool.commerce.saleor,Saleor,tool,E-commerce,Storefront/Payments,Saleor,,,tools.json,0.6.0,active,Storefront/Payments tasks,Saleor used for storefront/payments within E-commerce.,[],[],[],[],,growing,,,Varies,,,[],[],,,,,,['api'],"['python', 'js']",[],,[],2025-09-03,,
tool.commerce.medusajs,MedusaJS,tool,E-commerce,Storefront/Payments,MedusaJS,,,tools.json,0.6.0,active,Storefront/Payments tasks,MedusaJS used for storefront/payments within E-commerce.,[],[],[],[],,growing,,,Varies,,,[],[],,,,,,['api'],"['python', 'js']",[],,[],2025-09-03,,
tool.commerce.shopware,Shopware,tool,E-commerce,Storefront/Payments,Shopware,,,tools.json,0.6.0,active,Storefront/Payments tasks,Shopware used for storefront/payments within E-commerce.,[],[],[],[],,growing,,,Varies,,,[],[],,,,,,['api'],"['python', 'js']",[],,[],2025-09-03,,
tool.commerce.stripe,Stripe,tool,E-commerce,Storefront/Payments,Stripe,,,tools.json,0.6.0,active,Storefront/Payments tasks,Stripe used for storefront/payments within E-commerce.,[],[],[],[],,growing,,,Varies,,,[],[],,,,,,['api'],"['python', 'js']",[],,[],2025-09-03,,
tool.commerce.braintree,Braintree,tool,E-commerce,Storefront/Payments,Braintree,,,tools.json,0.6.0,active,Storefront/Payments tasks,Braintree used for storefront/payments within E-commerce.,[],[],[],[],,growing,,,Varies,,,[],[],,,,,,['api'],"['python', 'js']",[],,[],2025-09-03,,
tool.commerce.adyen,Adyen,tool,E-commerce,Storefront/Payments,Adyen,,,tools.json,0.6.0,active,Storefront/Payments tasks,Adyen used for storefront/payments within E-commerce.,[],[],[],[],,growing,,,Varies,,,[],[],,,,,,['api'],"['python', 'js']",[],,[],2025-09-03,,
tool.commerce.square,Square,tool,E-commerce,Storefront/Payments,Square,,,tools.json,0.6.0,active,Storefront/Payments tasks,Square used for storefront/payments within E-commerce.,[],[],[],[],,growing,,,Varies,,,[],[],,,,,,['api'],"['python', 'js']",[],,[],2025-09-03,,
tool.commerce.paddle,Paddle,tool,E-commerce,Storefront/Payments,Paddle,,,tools.json,0.6.0,active,Storefront/Payments tasks,Paddle used for storefront/payments within E-commerce.,[],[],[],[],,growing,,,Varies,,,[],[],,,,,,['api'],"['python', 'js']",[],,[],2025-09-03,,
tool.tax.taxjar,TaxJar,tool,Finance,Tax Compliance,TaxJar,,,tools.json,0.6.0,active,Tax Compliance tasks,TaxJar used for tax compliance within Finance.,[],[],[],[],,growing,,,Varies,,,[],[],,,,,,['api'],"['python', 'js']",[],,[],2025-09-03,,
tool.tax.avalara,Avalara,tool,Finance,Tax Compliance,Avalara,,,tools.json,0.6.0,active,Tax Compliance tasks,Avalara used for tax compliance within Finance.,[],[],[],[],,growing,,,Varies,,,[],[],,,,,,['api'],"['python', 'js']",[],,[],2025-09-03,,
tool.tax.quaderno,Quaderno,tool,Finance,Tax Compliance,Quaderno,,,tools.json,0.6.0,active,Tax Compliance tasks,Quaderno used for tax compliance within Finance.,[],[],[],[],,growing,,,Varies,,,[],[],,,,,,['api'],"['python', 'js']",[],,[],2025-09-03,,
tool.fraud.sift,Sift,tool,Finance,Fraud Prevention,Sift,,,tools.json,0.6.0,active,Fraud Prevention tasks,Sift used for fraud prevention within Finance.,[],[],[],[],,growing,,,Varies,,,[],[],,,,,,['api'],"['python', 'js']",[],,[],2025-09-03,,
tool.fraud.signifyd,Signifyd,tool,Finance,Fraud Prevention,Signifyd,,,tools.json,0.6.0,active,Fraud Prevention tasks,Signifyd used for fraud prevention within Finance.,[],[],[],[],,growing,,,Varies,,,[],[],,,,,,['api'],"['python', 'js']",[],,[],2025-09-03,,
tool.fraud.forter,Forter,tool,Finance,Fraud Prevention,Forter,,,tools.json,0.6.0,active,Fraud Prevention tasks,Forter used for fraud prevention within Finance.,[],[],[],[],,growing,,,Varies,,,[],[],,,,,,['api'],"['python', 'js']",[],,[],2025-09-03,,
tool.fraud.riskified,Riskified,tool,Finance,Fraud Prevention,Riskified,,,tools.json,0.6.0,active,Fraud Prevention tasks,Riskified used for fraud prevention within Finance.,[],[],[],[],,growing,,,Varies,,,[],[],,,,,,['api'],"['python', 'js']",[],,[],2025-09-03,,
tool.shipping.shippo,Shippo,tool,Logistics,Shipping,Shippo,,,tools.json,0.6.0,active,Shipping tasks,Shippo used for shipping within Logistics.,[],[],[],[],,growing,,,Varies,,,[],[],,,,,,['api'],"['python', 'js']",[],,[],2025-09-03,,
tool.shipping.shipstation,ShipStation,tool,Logistics,Shipping,ShipStation,,,tools.json,0.6.0,active,Shipping tasks,ShipStation used for shipping within Logistics.,[],[],[],[],,growing,,,Varies,,,[],[],,,,,,['api'],"['python', 'js']",[],,[],2025-09-03,,
tool.shipping.easypost,EasyPost,tool,Logistics,Shipping,EasyPost,,,tools.json,0.6.0,active,Shipping tasks,EasyPost used for shipping within Logistics.,[],[],[],[],,growing,,,Varies,,,[],[],,,,,,['api'],"['python', 'js']",[],,[],2025-09-03,,
tool.shipping.aftership,AfterShip,tool,Logistics,Shipping,AfterShip,,,tools.json,0.6.0,active,Shipping tasks,AfterShip used for shipping within Logistics.,[],[],[],[],,growing,,,Varies,,,[],[],,,,,,['api'],"['python', 'js']",[],,[],2025-09-03,,
tool.seo.ahrefs,Ahrefs,tool,SEO & Marketing,SEO/Content,Ahrefs,,,tools.json,0.6.0,active,SEO/Content tasks,Ahrefs used for seo/content within SEO & Marketing.,[],[],[],[],,growing,,,Varies,,,[],[],,,,,,['api'],"['python', 'js']",[],,[],2025-09-03,,
tool.seo.semrush,Semrush,tool,SEO & Marketing,SEO/Content,Semrush,,,tools.json,0.6.0,active,SEO/Content tasks,Semrush used for seo/content within SEO & Marketing.,[],[],[],[],,growing,,,Varies,,,[],[],,,,,,['api'],"['python', 'js']",[],,[],2025-09-03,,
tool.seo.screaming_frog,Screaming Frog,tool,SEO & Marketing,SEO/Content,Screaming Frog,,,tools.json,0.6.0,active,SEO/Content tasks,Screaming Frog used for seo/content within SEO & Marketing.,[],[],[],[],,growing,,,Varies,,,[],[],,,,,,['api'],"['python', 'js']",[],,[],2025-09-03,,
tool.seo.surferseo,SurferSEO,tool,SEO & Marketing,SEO/Content,SurferSEO,,,tools.json,0.6.0,active,SEO/Content tasks,SurferSEO used for seo/content within SEO & Marketing.,[],[],[],[],,growing,,,Varies,,,[],[],,,,,,['api'],"['python', 'js']",[],,[],2025-09-03,,
tool.seo.moz,Moz,tool,SEO & Marketing,SEO/Content,Moz,,,tools.json,0.6.0,active,SEO/Content tasks,Moz used for seo/content within SEO & Marketing.,[],[],[],[],,growing,,,Varies,,,[],[],,,,,,['api'],"['python', 'js']",[],,[],2025-09-03,,
tool.seo.clearscope,Clearscope,tool,SEO & Marketing,SEO/Content,Clearscope,,,tools.json,0.6.0,active,SEO/Content tasks,Clearscope used for seo/content within SEO & Marketing.,[],[],[],[],,growing,,,Varies,,,[],[],,,,,,['api'],"['python', 'js']",[],,[],2025-09-03,,
tool.seo.frase,Frase,tool,SEO & Marketing,SEO/Content,Frase,,,tools.json,0.6.0,active,SEO/Content tasks,Frase used for seo/content within SEO & Marketing.,[],[],[],[],,growing,,,Varies,,,[],[],,,,,,['api'],"['python', 'js']",[],,[],2025-09-03,,
tool.seo.marketmuse,MarketMuse,tool,SEO & Marketing,SEO/Content,MarketMuse,,,tools.json,0.6.0,active,SEO/Content tasks,MarketMuse used for seo/content within SEO & Marketing.,[],[],[],[],,growing,,,Varies,,,[],[],,,,,,['api'],"['python', 'js']",[],,[],2025-09-03,,
tool.accessibility.axe_devtools,axe DevTools,tool,Accessibility & Trust,Accessibility/QA,axe DevTools,,,tools.json,0.6.0,active,Accessibility/QA tasks,axe DevTools used for accessibility/qa within Accessibility & Trust.,[],[],[],[],,growing,,,Varies,,,[],[],,,,,,['api'],"['python', 'js']",[],,[],2025-09-03,,
tool.accessibility.wave,WAVE,tool,Accessibility & Trust,Accessibility/QA,WAVE,,,tools.json,0.6.0,active,Accessibility/QA tasks,WAVE used for accessibility/qa within Accessibility & Trust.,[],[],[],[],,growing,,,Varies,,,[],[],,,,,,['api'],"['python', 'js']",[],,[],2025-09-03,,
tool.accessibility.lighthouse,Lighthouse,tool,Accessibility & Trust,Accessibility/QA,Lighthouse,,,tools.json,0.6.0,active,Accessibility/QA tasks,Lighthouse used for accessibility/qa within Accessibility & Trust.,[],[],[],[],,growing,,,Varies,,,[],[],,,,,,['api'],"['python', 'js']",[],,[],2025-09-03,,
tool.accessibility.pa11y,Pa11y,tool,Accessibility & Trust,Accessibility/QA,Pa11y,,,tools.json,0.6.0,active,Accessibility/QA tasks,Pa11y used for accessibility/qa within Accessibility & Trust.,[],[],[],[],,growing,,,Varies,,,[],[],,,,,,['api'],"['python', 'js']",[],,[],2025-09-03,,
tool.observability.datadog,Datadog,tool,Observability & Monitoring,APM/LLM Monitoring,Datadog,,,tools.json,0.6.0,active,APM/LLM Monitoring tasks,Datadog used for apm/llm monitoring within Observability & Monitoring.,[],[],[],[],,growing,,,Varies,,,[],[],,,,,,['api'],"['python', 'js']",[],,[],2025-09-03,,
tool.observability.new_relic,New Relic,tool,Observability & Monitoring,APM/LLM Monitoring,New Relic,,,tools.json,0.6.0,active,APM/LLM Monitoring tasks,New Relic used for apm/llm monitoring within Observability & Monitoring.,[],[],[],[],,growing,,,Varies,,,[],[],,,,,,['api'],"['python', 'js']",[],,[],2025-09-03,,
tool.observability.honeycomb,Honeycomb,tool,Observability & Monitoring,APM/LLM Monitoring,Honeycomb,,,tools.json,0.6.0,active,APM/LLM Monitoring tasks,Honeycomb used for apm/llm monitoring within Observability & Monitoring.,[],[],[],[],,growing,,,Varies,,,[],[],,,,,,['api'],"['python', 'js']",[],,[],2025-09-03,,
tool.observability.sentry,Sentry,tool,Observability & Monitoring,APM/LLM Monitoring,Sentry,,,tools.json,0.6.0,active,APM/LLM Monitoring tasks,Sentry used for apm/llm monitoring within Observability & Monitoring.,[],[],[],[],,growing,,,Varies,,,[],[],,,,,,['api'],"['python', 'js']",[],,[],2025-09-03,,
tool.observability.rollbar,Rollbar,tool,Observability & Monitoring,APM/LLM Monitoring,Rollbar,,,tools.json,0.6.0,active,APM/LLM Monitoring tasks,Rollbar used for apm/llm monitoring within Observability & Monitoring.,[],[],[],[],,growing,,,Varies,,,[],[],,,,,,['api'],"['python', 'js']",[],,[],2025-09-03,,
tool.observability.opentelemetry,OpenTelemetry,tool,Observability & Monitoring,APM/LLM Monitoring,OpenTelemetry,,,tools.json,0.6.0,active,APM/LLM Monitoring tasks,OpenTelemetry used for apm/llm monitoring within Observability & Monitoring.,[],[],[],[],,growing,,,Varies,,,[],[],,,,,,['api'],"['python', 'js']",[],,[],2025-09-03,,
tool.observability.langfuse,Langfuse,tool,Observability & Monitoring,APM/LLM Monitoring,Langfuse,,,tools.json,0.6.0,active,APM/LLM Monitoring tasks,Langfuse used for apm/llm monitoring within Observability & Monitoring.,[],[],[],[],,growing,,,Varies,,,[],[],,,,,,['api'],"['python', 'js']",[],,[],2025-09-03,,
tool.observability.langsmith,LangSmith,tool,Observability & Monitoring,APM/LLM Monitoring,LangSmith,,,tools.json,0.6.0,active,APM/LLM Monitoring tasks,LangSmith used for apm/llm monitoring within Observability & Monitoring.,[],[],[],[],,growing,,,Varies,,,[],[],,,,,,['api'],"['python', 'js']",[],,[],2025-09-03,,
tool.observability.arize_ai,Arize AI,tool,Observability & Monitoring,APM/LLM Monitoring,Arize AI,,,tools.json,0.6.0,active,APM/LLM Monitoring tasks,Arize AI used for apm/llm monitoring within Observability & Monitoring.,[],[],[],[],,growing,,,Varies,,,[],[],,,,,,['api'],"['python', 'js']",[],,[],2025-09-03,,
tool.observability.whylabs,WhyLabs,tool,Observability & Monitoring,APM/LLM Monitoring,WhyLabs,,,tools.json,0.6.0,active,APM/LLM Monitoring tasks,WhyLabs used for apm/llm monitoring within Observability & Monitoring.,[],[],[],[],,growing,,,Varies,,,[],[],,,,,,['api'],"['python', 'js']",[],,[],2025-09-03,,
tool.observability.fiddler_ai,Fiddler AI,tool,Observability & Monitoring,APM/LLM Monitoring,Fiddler AI,,,tools.json,0.6.0,active,APM/LLM Monitoring tasks,Fiddler AI used for apm/llm monitoring within Observability & Monitoring.,[],[],[],[],,growing,,,Varies,,,[],[],,,,,,['api'],"['python', 'js']",[],,[],2025-09-03,,
tool.observability.humanloop,Humanloop,tool,Observability & Monitoring,APM/LLM Monitoring,Humanloop,,,tools.json,0.6.0,active,APM/LLM Monitoring tasks,Humanloop used for apm/llm monitoring within Observability & Monitoring.,[],[],[],[],,growing,,,Varies,,,[],[],,,,,,['api'],"['python', 'js']",[],,[],2025-09-03,,
tool.observability.promptlayer,PromptLayer,tool,Observability & Monitoring,APM/LLM Monitoring,PromptLayer,,,tools.json,0.6.0,active,APM/LLM Monitoring tasks,PromptLayer used for apm/llm monitoring within Observability & Monitoring.,[],[],[],[],,growing,,,Varies,,,[],[],,,,,,['api'],"['python', 'js']",[],,[],2025-09-03,,
tool.vector.pinecone,Pinecone,tool,Vector/Search,Vector DB / Search,Pinecone,,,tools.json,0.6.0,active,Vector DB / Search tasks,Pinecone used for vector db / search within Vector/Search.,[],[],[],[],,growing,,,Varies,,,[],[],,,,,,['api'],"['python', 'js']",[],,[],2025-09-03,,
tool.vector.weaviate,Weaviate,tool,Vector/Search,Vector DB / Search,Weaviate,,,tools.json,0.6.0,active,Vector DB / Search tasks,Weaviate used for vector db / search within Vector/Search.,[],[],[],[],,growing,,,Varies,,,[],[],,,,,,['api'],"['python', 'js']",[],,[],2025-09-03,,
tool.vector.milvus,Milvus,tool,Vector/Search,Vector DB / Search,Milvus,,,tools.json,0.6.0,active,Vector DB / Search tasks,Milvus used for vector db / search within Vector/Search.,[],[],[],[],,growing,,,Varies,,,[],[],,,,,,['api'],"['python', 'js']",[],,[],2025-09-03,,
tool.vector.qdrant,Qdrant,tool,Vector/Search,Vector DB / Search,Qdrant,,,tools.json,0.6.0,active,Vector DB / Search tasks,Qdrant used for vector db / search within Vector/Search.,[],[],[],[],,growing,,,Varies,,,[],[],,,,,,['api'],"['python', 'js']",[],,[],2025-09-03,,
tool.vector.faiss,FAISS,tool,Vector/Search,Vector DB / Search,FAISS,,,tools.json,0.6.0,active,Vector DB / Search tasks,FAISS used for vector db / search within Vector/Search.,[],[],[],[],,growing,,,Varies,,,[],[],,,,,,['api'],"['python', 'js']",[],,[],2025-09-03,,
tool.vector.redis_vector,Redis Vector,tool,Vector/Search,Vector DB / Search,Redis Vector,,,tools.json,0.6.0,active,Vector DB / Search tasks,Redis Vector used for vector db / search within Vector/Search.,[],[],[],[],,growing,,,Varies,,,[],[],,,,,,['api'],"['python', 'js']",[],,[],2025-09-03,,
tool.vector.elastic_vector,Elastic Vector,tool,Vector/Search,Vector DB / Search,Elastic Vector,,,tools.json,0.6.0,active,Vector DB / Search tasks,Elastic Vector used for vector db / search within Vector/Search.,[],[],[],[],,growing,,,Varies,,,[],[],,,,,,['api'],"['python', 'js']",[],,[],2025-09-03,,
tool.vector.typesense,Typesense,tool,Vector/Search,Vector DB / Search,Typesense,,,tools.json,0.6.0,active,Vector DB / Search tasks,Typesense used for vector db / search within Vector/Search.,[],[],[],[],,growing,,,Varies,,,[],[],,,,,,['api'],"['python', 'js']",[],,[],2025-09-03,,
tool.vector.meilisearch,Meilisearch,tool,Vector/Search,Vector DB / Search,Meilisearch,,,tools.json,0.6.0,active,Vector DB / Search tasks,Meilisearch used for vector db / search within Vector/Search.,[],[],[],[],,growing,,,Varies,,,[],[],,,,,,['api'],"['python', 'js']",[],,[],2025-09-03,,
tool.vector.algolia,Algolia,tool,Vector/Search,Vector DB / Search,Algolia,,,tools.json,0.6.0,active,Vector DB / Search tasks,Algolia used for vector db / search within Vector/Search.,[],[],[],[],,growing,,,Varies,,,[],[],,,,,,['api'],"['python', 'js']",[],,[],2025-09-03,,
tool.data.snowflake,Snowflake,tool,Data,Warehouse/Lakehouse,Snowflake,,,tools.json,0.6.0,active,Warehouse/Lakehouse tasks,Snowflake used for warehouse/lakehouse within Data.,[],[],[],[],,growing,,,Varies,,,[],[],,,,,,['api'],"['python', 'js']",[],,[],2025-09-03,,
tool.data.bigquery,BigQuery,tool,Data,Warehouse/Lakehouse,BigQuery,,,tools.json,0.6.0,active,Warehouse/Lakehouse tasks,BigQuery used for warehouse/lakehouse within Data.,[],[],[],[],,growing,,,Varies,,,[],[],,,,,,['api'],"['python', 'js']",[],,[],2025-09-03,,
tool.data.redshift,Redshift,tool,Data,Warehouse/Lakehouse,Redshift,,,tools.json,0.6.0,active,Warehouse/Lakehouse tasks,Redshift used for warehouse/lakehouse within Data.,[],[],[],[],,growing,,,Varies,,,[],[],,,,,,['api'],"['python', 'js']",[],,[],2025-09-03,,
tool.data.databricks,Databricks,tool,Data,Warehouse/Lakehouse,Databricks,,,tools.json,0.6.0,active,Warehouse/Lakehouse tasks,Databricks used for warehouse/lakehouse within Data.,[],[],[],[],,growing,,,Varies,,,[],[],,,,,,['api'],"['python', 'js']",[],,[],2025-09-03,,
tool.data.duckdb,DuckDB,tool,Data,Warehouse/Lakehouse,DuckDB,,,tools.json,0.6.0,active,Warehouse/Lakehouse tasks,DuckDB used for warehouse/lakehouse within Data.,[],[],[],[],,growing,,,Varies,,,[],[],,,,,,['api'],"['python', 'js']",[],,[],2025-09-03,,
tool.etl.airbyte,Airbyte,tool,Data,ETL/ELT,Airbyte,,,tools.json,0.6.0,active,ETL/ELT tasks,Airbyte used for etl/elt within Data.,[],[],[],[],,growing,,,Varies,,,[],[],,,,,,['api'],"['python', 'js']",[],,[],2025-09-03,,
tool.etl.fivetran,Fivetran,tool,Data,ETL/ELT,Fivetran,,,tools.json,0.6.0,active,ETL/ELT tasks,Fivetran used for etl/elt within Data.,[],[],[],[],,growing,,,Varies,,,[],[],,,,,,['api'],"['python', 'js']",[],,[],2025-09-03,,
tool.etl.meltano,Meltano,tool,Data,ETL/ELT,Meltano,,,tools.json,0.6.0,active,ETL/ELT tasks,Meltano used for etl/elt within Data.,[],[],[],[],,growing,,,Varies,,,[],[],,,,,,['api'],"['python', 'js']",[],,[],2025-09-03,,
tool.etl.stitch,Stitch,tool,Data,ETL/ELT,Stitch,,,tools.json,0.6.0,active,ETL/ELT tasks,Stitch used for etl/elt within Data.,[],[],[],[],,growing,,,Varies,,,[],[],,,,,,['api'],"['python', 'js']",[],,[],2025-09-03,,
tool.featurestore.feast,Feast,tool,ML,Feature Store,Feast,,,tools.json,0.6.0,active,Feature Store tasks,Feast used for feature store within ML.,[],[],[],[],,growing,,,Varies,,,[],[],,,,,,['api'],"['python', 'js']",[],,[],2025-09-03,,
tool.featurestore.tecton,Tecton,tool,ML,Feature Store,Tecton,,,tools.json,0.6.0,active,Feature Store tasks,Tecton used for feature store within ML.,[],[],[],[],,growing,,,Varies,,,[],[],,,,,,['api'],"['python', 'js']",[],,[],2025-09-03,,
tool.mlops.mlflow,MLflow,tool,ML,Experiment Tracking,MLflow,,,tools.json,0.6.0,active,Experiment Tracking tasks,MLflow used for experiment tracking within ML.,[],[],[],[],,growing,,,Varies,,,[],[],,,,,,['api'],"['python', 'js']",[],,[],2025-09-03,,
tool.mlops.weights_&_biases,Weights & Biases,tool,ML,Experiment Tracking,Weights & Biases,,,tools.json,0.6.0,active,Experiment Tracking tasks,Weights & Biases used for experiment tracking within ML.,[],[],[],[],,growing,,,Varies,,,[],[],,,,,,['api'],"['python', 'js']",[],,[],2025-09-03,,
tool.mlops.comet_ml,Comet ML,tool,ML,Experiment Tracking,Comet ML,,,tools.json,0.6.0,active,Experiment Tracking tasks,Comet ML used for experiment tracking within ML.,[],[],[],[],,growing,,,Varies,,,[],[],,,,,,['api'],"['python', 'js']",[],,[],2025-09-03,,
tool.secrets.hashicorp_vault,HashiCorp Vault,tool,Security,Secrets Management,HashiCorp Vault,,,tools.json,0.6.0,active,Secrets Management tasks,HashiCorp Vault used for secrets management within Security.,[],[],[],[],,growing,,,Varies,,,[],[],,,,,,['api'],"['python', 'js']",[],,[],2025-09-03,,
tool.secrets.aws_secrets_manager,AWS Secrets Manager,tool,Security,Secrets Management,AWS Secrets Manager,,,tools.json,0.6.0,active,Secrets Management tasks,AWS Secrets Manager used for secrets management within Security.,[],[],[],[],,growing,,,Varies,,,[],[],,,,,,['api'],"['python', 'js']",[],,[],2025-09-03,,
tool.secrets.azure_key_vault,Azure Key Vault,tool,Security,Secrets Management,Azure Key Vault,,,tools.json,0.6.0,active,Secrets Management tasks,Azure Key Vault used for secrets management within Security.,[],[],[],[],,growing,,,Varies,,,[],[],,,,,,['api'],"['python', 'js']",[],,[],2025-09-03,,
tool.secrets.gcp_secret_manager,GCP Secret Manager,tool,Security,Secrets Management,GCP Secret Manager,,,tools.json,0.6.0,active,Secrets Management tasks,GCP Secret Manager used for secrets management within Security.,[],[],[],[],,growing,,,Varies,,,[],[],,,,,,['api'],"['python', 'js']",[],,[],2025-09-03,,
tool.compliance.vanta,Vanta,tool,Governance & Compliance,Compliance/GDPR/SOC2,Vanta,,,tools.json,0.6.0,active,Compliance/GDPR/SOC2 tasks,Vanta used for compliance/gdpr/soc2 within Governance & Compliance.,[],[],[],[],,growing,,,Varies,,,[],[],,,,,,['api'],"['python', 'js']",[],,[],2025-09-03,,
tool.compliance.drata,Drata,tool,Governance & Compliance,Compliance/GDPR/SOC2,Drata,,,tools.json,0.6.0,active,Compliance/GDPR/SOC2 tasks,Drata used for compliance/gdpr/soc2 within Governance & Compliance.,[],[],[],[],,growing,,,Varies,,,[],[],,,,,,['api'],"['python', 'js']",[],,[],2025-09-03,,
tool.compliance.secureframe,Secureframe,tool,Governance & Compliance,Compliance/GDPR/SOC2,Secureframe,,,tools.json,0.6.0,active,Compliance/GDPR/SOC2 tasks,Secureframe used for compliance/gdpr/soc2 within Governance & Compliance.,[],[],[],[],,growing,,,Varies,,,[],[],,,,,,['api'],"['python', 'js']",[],,[],2025-09-03,,
tool.compliance.onetrust,OneTrust,tool,Governance & Compliance,Compliance/GDPR/SOC2,OneTrust,,,tools.json,0.6.0,active,Compliance/GDPR/SOC2 tasks,OneTrust used for compliance/gdpr/soc2 within Governance & Compliance.,[],[],[],[],,growing,,,Varies,,,[],[],,,,,,['api'],"['python', 'js']",[],,[],2025-09-03,,
tool.compliance.bigid,BigID,tool,Governance & Compliance,Compliance/GDPR/SOC2,BigID,,,tools.json,0.6.0,active,Compliance/GDPR/SOC2 tasks,BigID used for compliance/gdpr/soc2 within Governance & Compliance.,[],[],[],[],,growing,,,Varies,,,[],[],,,,,,['api'],"['python', 'js']",[],,[],2025-09-03,,
tool.policy.open_policy_agent_(opa),Open Policy Agent (OPA),tool,Governance & Compliance,Policy-as-Code,Open Policy Agent (OPA),,,tools.json,0.6.0,active,Policy-as-Code tasks,Open Policy Agent (OPA) used for policy-as-code within Governance & Compliance.,[],[],[],[],,growing,,,Varies,,,[],[],,,,,,['api'],"['python', 'js']",[],,[],2025-09-03,,
tool.policy.gatekeeper,Gatekeeper,tool,Governance & Compliance,Policy-as-Code,Gatekeeper,,,tools.json,0.6.0,active,Policy-as-Code tasks,Gatekeeper used for policy-as-code within Governance & Compliance.,[],[],[],[],,growing,,,Varies,,,[],[],,,,,,['api'],"['python', 'js']",[],,[],2025-09-03,,
tool.policy.kyverno,Kyverno,tool,Governance & Compliance,Policy-as-Code,Kyverno,,,tools.json,0.6.0,active,Policy-as-Code tasks,Kyverno used for policy-as-code within Governance & Compliance.,[],[],[],[],,growing,,,Varies,,,[],[],,,,,,['api'],"['python', 'js']",[],,[],2025-09-03,,
tool.cms.wordpress,WordPress,tool,CMS,Content Management,WordPress,,,tools.json,0.6.0,active,Content Management tasks,WordPress used for content management within CMS.,[],[],[],[],,growing,,,Varies,,,[],[],,,,,,['api'],"['python', 'js']",[],,[],2025-09-03,,
tool.cms.webflow,Webflow,tool,CMS,Content Management,Webflow,,,tools.json,0.6.0,active,Content Management tasks,Webflow used for content management within CMS.,[],[],[],[],,growing,,,Varies,,,[],[],,,,,,['api'],"['python', 'js']",[],,[],2025-09-03,,
tool.cms.contentful,Contentful,tool,CMS,Content Management,Contentful,,,tools.json,0.6.0,active,Content Management tasks,Contentful used for content management within CMS.,[],[],[],[],,growing,,,Varies,,,[],[],,,,,,['api'],"['python', 'js']",[],,[],2025-09-03,,
tool.cms.sanity,Sanity,tool,CMS,Content Management,Sanity,,,tools.json,0.6.0,active,Content Management tasks,Sanity used for content management within CMS.,[],[],[],[],,growing,,,Varies,,,[],[],,,,,,['api'],"['python', 'js']",[],,[],2025-09-03,,
tool.cms.strapi,Strapi,tool,CMS,Content Management,Strapi,,,tools.json,0.6.0,active,Content Management tasks,Strapi used for content management within CMS.,[],[],[],[],,growing,,,Varies,,,[],[],,,,,,['api'],"['python', 'js']",[],,[],2025-09-03,,
tool.cms.ghost,Ghost,tool,CMS,Content Management,Ghost,,,tools.json,0.6.0,active,Content Management tasks,Ghost used for content management within CMS.,[],[],[],[],,growing,,,Varies,,,[],[],,,,,,['api'],"['python', 'js']",[],,[],2025-09-03,,
tool.cdn.cloudflare,Cloudflare,tool,CDN/Hosting,Edge/Hosting,Cloudflare,,,tools.json,0.6.0,active,Edge/Hosting tasks,Cloudflare used for edge/hosting within CDN/Hosting.,[],[],[],[],,growing,,,Varies,,,[],[],,,,,,['api'],"['python', 'js']",[],,[],2025-09-03,,
tool.cdn.fastly,Fastly,tool,CDN/Hosting,Edge/Hosting,Fastly,,,tools.json,0.6.0,active,Edge/Hosting tasks,Fastly used for edge/hosting within CDN/Hosting.,[],[],[],[],,growing,,,Varies,,,[],[],,,,,,['api'],"['python', 'js']",[],,[],2025-09-03,,
tool.cdn.akamai,Akamai,tool,CDN/Hosting,Edge/Hosting,Akamai,,,tools.json,0.6.0,active,Edge/Hosting tasks,Akamai used for edge/hosting within CDN/Hosting.,[],[],[],[],,growing,,,Varies,,,[],[],,,,,,['api'],"['python', 'js']",[],,[],2025-09-03,,
tool.cdn.vercel,Vercel,tool,CDN/Hosting,Edge/Hosting,Vercel,,,tools.json,0.6.0,active,Edge/Hosting tasks,Vercel used for edge/hosting within CDN/Hosting.,[],[],[],[],,growing,,,Varies,,,[],[],,,,,,['api'],"['python', 'js']",[],,[],2025-09-03,,
tool.cdn.netlify,Netlify,tool,CDN/Hosting,Edge/Hosting,Netlify,,,tools.json,0.6.0,active,Edge/Hosting tasks,Netlify used for edge/hosting within CDN/Hosting.,[],[],[],[],,growing,,,Varies,,,[],[],,,,,,['api'],"['python', 'js']",[],,[],2025-09-03,,
tool.cdn.cloudfront,CloudFront,tool,CDN/Hosting,Edge/Hosting,CloudFront,,,tools.json,0.6.0,active,Edge/Hosting tasks,CloudFront used for edge/hosting within CDN/Hosting.,[],[],[],[],,growing,,,Varies,,,[],[],,,,,,['api'],"['python', 'js']",[],,[],2025-09-03,,
tool.search.elasticsearch,Elasticsearch,tool,Search,Full-text Search,Elasticsearch,,,tools.json,0.6.0,active,Full-text Search tasks,Elasticsearch used for full-text search within Search.,[],[],[],[],,growing,,,Varies,,,[],[],,,,,,['api'],"['python', 'js']",[],,[],2025-09-03,,
tool.search.opensearch,OpenSearch,tool,Search,Full-text Search,OpenSearch,,,tools.json,0.6.0,active,Full-text Search tasks,OpenSearch used for full-text search within Search.,[],[],[],[],,growing,,,Varies,,,[],[],,,,,,['api'],"['python', 'js']",[],,[],2025-09-03,,
tool.search.solr,Solr,tool,Search,Full-text Search,Solr,,,tools.json,0.6.0,active,Full-text Search tasks,Solr used for full-text search within Search.,[],[],[],[],,growing,,,Varies,,,[],[],,,,,,['api'],"['python', 'js']",[],,[],2025-09-03,,
tool.email.sendgrid,SendGrid,tool,Messaging,Email API,SendGrid,,,tools.json,0.6.0,active,Email API tasks,SendGrid used for email api within Messaging.,[],[],[],[],,growing,,,Varies,,,[],[],,,,,,['api'],"['python', 'js']",[],,[],2025-09-03,,
tool.email.mailgun,Mailgun,tool,Messaging,Email API,Mailgun,,,tools.json,0.6.0,active,Email API tasks,Mailgun used for email api within Messaging.,[],[],[],[],,growing,,,Varies,,,[],[],,,,,,['api'],"['python', 'js']",[],,[],2025-09-03,,
tool.email.postmark,Postmark,tool,Messaging,Email API,Postmark,,,tools.json,0.6.0,active,Email API tasks,Postmark used for email api within Messaging.,[],[],[],[],,growing,,,Varies,,,[],[],,,,,,['api'],"['python', 'js']",[],,[],2025-09-03,,
tool.email.amazon_ses,Amazon SES,tool,Messaging,Email API,Amazon SES,,,tools.json,0.6.0,active,Email API tasks,Amazon SES used for email api within Messaging.,[],[],[],[],,growing,,,Varies,,,[],[],,,,,,['api'],"['python', 'js']",[],,[],2025-09-03,,
tool.messaging.slack_ai,Slack AI,tool,Communication,Collab/Chat AI,Slack AI,,,tools.json,0.6.0,active,Collab/Chat AI tasks,Slack AI used for collab/chat ai within Communication.,[],[],[],[],,growing,,,Varies,,,[],[],,,,,,['api'],"['python', 'js']",[],,[],2025-09-03,,
tool.messaging.microsoft_copilot_(teams),Microsoft Copilot (Teams),tool,Communication,Collab/Chat AI,Microsoft Copilot (Teams),,,tools.json,0.6.0,active,Collab/Chat AI tasks,Microsoft Copilot (Teams) used for collab/chat ai within Communication.,[],[],[],[],,growing,,,Varies,,,[],[],,,,,,['api'],"['python', 'js']",[],,[],2025-09-03,,
tool.messaging.zoom_ai_companion,Zoom AI Companion,tool,Communication,Collab/Chat AI,Zoom AI Companion,,,tools.json,0.6.0,active,Collab/Chat AI tasks,Zoom AI Companion used for collab/chat ai within Communication.,[],[],[],[],,growing,,,Varies,,,[],[],,,,,,['api'],"['python', 'js']",[],,[],2025-09-03,,
tool.messaging.discord_bots,Discord Bots,tool,Communication,Collab/Chat AI,Discord Bots,,,tools.json,0.6.0,active,Collab/Chat AI tasks,Discord Bots used for collab/chat ai within Communication.,[],[],[],[],,growing,,,Varies,,,[],[],,,,,,['api'],"['python', 'js']",[],,[],2025-09-03,,
tool.analytics.google_analytics_4,Google Analytics 4,tool,Analytics,Product Analytics,Google Analytics 4,,,tools.json,0.6.0,active,Product Analytics tasks,Google Analytics 4 used for product analytics within Analytics.,[],[],[],[],,growing,,,Varies,,,[],[],,,,,,['api'],"['python', 'js']",[],,[],2025-09-03,,
tool.analytics.mixpanel,Mixpanel,tool,Analytics,Product Analytics,Mixpanel,,,tools.json,0.6.0,active,Product Analytics tasks,Mixpanel used for product analytics within Analytics.,[],[],[],[],,growing,,,Varies,,,[],[],,,,,,['api'],"['python', 'js']",[],,[],2025-09-03,,
tool.analytics.amplitude,Amplitude,tool,Analytics,Product Analytics,Amplitude,,,tools.json,0.6.0,active,Product Analytics tasks,Amplitude used for product analytics within Analytics.,[],[],[],[],,growing,,,Varies,,,[],[],,,,,,['api'],"['python', 'js']",[],,[],2025-09-03,,
tool.analytics.heap,Heap,tool,Analytics,Product Analytics,Heap,,,tools.json,0.6.0,active,Product Analytics tasks,Heap used for product analytics within Analytics.,[],[],[],[],,growing,,,Varies,,,[],[],,,,,,['api'],"['python', 'js']",[],,[],2025-09-03,,
tool.analytics.posthog,PostHog,tool,Analytics,Product Analytics,PostHog,,,tools.json,0.6.0,active,Product Analytics tasks,PostHog used for product analytics within Analytics.,[],[],[],[],,growing,,,Varies,,,[],[],,,,,,['api'],"['python', 'js']",[],,[],2025-09-03,,
tool.cdp.segment,Segment,tool,Analytics,CDP,Segment,,,tools.json,0.6.0,active,CDP tasks,Segment used for cdp within Analytics.,[],[],[],[],,growing,,,Varies,,,[],[],,,,,,['api'],"['python', 'js']",[],,[],2025-09-03,,
tool.cdp.rudderstack,RudderStack,tool,Analytics,CDP,RudderStack,,,tools.json,0.6.0,active,CDP tasks,RudderStack used for cdp within Analytics.,[],[],[],[],,growing,,,Varies,,,[],[],,,,,,['api'],"['python', 'js']",[],,[],2025-09-03,,
tool.cdp.mparticle,mParticle,tool,Analytics,CDP,mParticle,,,tools.json,0.6.0,active,CDP tasks,mParticle used for cdp within Analytics.,[],[],[],[],,growing,,,Varies,,,[],[],,,,,,['api'],"['python', 'js']",[],,[],2025-09-03,,
tool.auth.auth0,Auth0,tool,Security,Authentication/Identity,Auth0,,,tools.json,0.6.0,active,Authentication/Identity tasks,Auth0 used for authentication/identity within Security.,[],[],[],[],,growing,,,Varies,,,[],[],,,,,,['api'],"['python', 'js']",[],,[],2025-09-03,,
tool.auth.okta,Okta,tool,Security,Authentication/Identity,Okta,,,tools.json,0.6.0,active,Authentication/Identity tasks,Okta used for authentication/identity within Security.,[],[],[],[],,growing,,,Varies,,,[],[],,,,,,['api'],"['python', 'js']",[],,[],2025-09-03,,
tool.auth.clerk,Clerk,tool,Security,Authentication/Identity,Clerk,,,tools.json,0.6.0,active,Authentication/Identity tasks,Clerk used for authentication/identity within Security.,[],[],[],[],,growing,,,Varies,,,[],[],,,,,,['api'],"['python', 'js']",[],,[],2025-09-03,,
tool.auth.firebase_auth,Firebase Auth,tool,Security,Authentication/Identity,Firebase Auth,,,tools.json,0.6.0,active,Authentication/Identity tasks,Firebase Auth used for authentication/identity within Security.,[],[],[],[],,growing,,,Varies,,,[],[],,,,,,['api'],"['python', 'js']",[],,[],2025-09-03,,
tool.auth.stytch,Stytch,tool,Security,Authentication/Identity,Stytch,,,tools.json,0.6.0,active,Authentication/Identity tasks,Stytch used for authentication/identity within Security.,[],[],[],[],,growing,,,Varies,,,[],[],,,,,,['api'],"['python', 'js']",[],,[],2025-09-03,,
tool.ocr.tesseract,Tesseract,tool,Vision/NLP,OCR/Forms,Tesseract,,,tools.json,0.6.0,active,OCR/Forms tasks,Tesseract used for ocr/forms within Vision/NLP.,[],[],[],[],,growing,,,Varies,,,[],[],,,,,,['api'],"['python', 'js']",[],,[],2025-09-03,,
tool.ocr.google_vision_ai,Google Vision AI,tool,Vision/NLP,OCR/Forms,Google Vision AI,,,tools.json,0.6.0,active,OCR/Forms tasks,Google Vision AI used for ocr/forms within Vision/NLP.,[],[],[],[],,growing,,,Varies,,,[],[],,,,,,['api'],"['python', 'js']",[],,[],2025-09-03,,
tool.ocr.aws_textract,AWS Textract,tool,Vision/NLP,OCR/Forms,AWS Textract,,,tools.json,0.6.0,active,OCR/Forms tasks,AWS Textract used for ocr/forms within Vision/NLP.,[],[],[],[],,growing,,,Varies,,,[],[],,,,,,['api'],"['python', 'js']",[],,[],2025-09-03,,
tool.ocr.azure_form_recognizer,Azure Form Recognizer,tool,Vision/NLP,OCR/Forms,Azure Form Recognizer,,,tools.json,0.6.0,active,OCR/Forms tasks,Azure Form Recognizer used for ocr/forms within Vision/NLP.,[],[],[],[],,growing,,,Varies,,,[],[],,,,,,['api'],"['python', 'js']",[],,[],2025-09-03,,
tool.ocr.abbyy_flexicapture,ABBYY FlexiCapture,tool,Vision/NLP,OCR/Forms,ABBYY FlexiCapture,,,tools.json,0.6.0,active,OCR/Forms tasks,ABBYY FlexiCapture used for ocr/forms within Vision/NLP.,[],[],[],[],,growing,,,Varies,,,[],[],,,,,,['api'],"['python', 'js']",[],,[],2025-09-03,,
tool.translate.deepl,DeepL,tool,NLP,Translation,DeepL,,,tools.json,0.6.0,active,Translation tasks,DeepL used for translation within NLP.,[],[],[],[],,growing,,,Varies,,,[],[],,,,,,['api'],"['python', 'js']",[],,[],2025-09-03,,
tool.translate.google_translate,Google Translate,tool,NLP,Translation,Google Translate,,,tools.json,0.6.0,active,Translation tasks,Google Translate used for translation within NLP.,[],[],[],[],,growing,,,Varies,,,[],[],,,,,,['api'],"['python', 'js']",[],,[],2025-09-03,,
tool.translate.amazon_translate,Amazon Translate,tool,NLP,Translation,Amazon Translate,,,tools.json,0.6.0,active,Translation tasks,Amazon Translate used for translation within NLP.,[],[],[],[],,growing,,,Varies,,,[],[],,,,,,['api'],"['python', 'js']",[],,[],2025-09-03,,
tool.translate.azure_translator,Azure Translator,tool,NLP,Translation,Azure Translator,,,tools.json,0.6.0,active,Translation tasks,Azure Translator used for translation within NLP.,[],[],[],[],,growing,,,Varies,,,[],[],,,,,,['api'],"['python', 'js']",[],,[],2025-09-03,,
tool.vision.opencv,OpenCV,tool,Vision,Computer Vision APIs,OpenCV,,,tools.json,0.6.0,active,Computer Vision APIs tasks,OpenCV used for computer vision apis within Vision.,[],[],[],[],,growing,,,Varies,,,[],[],,,,,,['api'],"['python', 'js']",[],,[],2025-09-03,,
tool.vision.aws_rekognition,AWS Rekognition,tool,Vision,Computer Vision APIs,AWS Rekognition,,,tools.json,0.6.0,active,Computer Vision APIs tasks,AWS Rekognition used for computer vision apis within Vision.,[],[],[],[],,growing,,,Varies,,,[],[],,,,,,['api'],"['python', 'js']",[],,[],2025-09-03,,
tool.vision.azure_computer_vision,Azure Computer Vision,tool,Vision,Computer Vision APIs,Azure Computer Vision,,,tools.json,0.6.0,active,Computer Vision APIs tasks,Azure Computer Vision used for computer vision apis within Vision.,[],[],[],[],,growing,,,Varies,,,[],[],,,,,,['api'],"['python', 'js']",[],,[],2025-09-03,,
tool.vision.google_vision_ai_(vision),Google Vision AI (Vision),tool,Vision,Computer Vision APIs,Google Vision AI (Vision),,,tools.json,0.6.0,active,Computer Vision APIs tasks,Google Vision AI (Vision) used for computer vision apis within Vision.,[],[],[],[],,growing,,,Varies,,,[],[],,,,,,['api'],"['python', 'js']",[],,[],2025-09-03,,
tool.storage.amazon_s3,Amazon S3,tool,Infra,Object Storage,Amazon S3,,,tools.json,0.6.0,active,Object Storage tasks,Amazon S3 used for object storage within Infra.,[],[],[],[],,growing,,,Varies,,,[],[],,,,,,['api'],"['python', 'js']",[],,[],2025-09-03,,
tool.storage.google_cloud_storage,Google Cloud Storage,tool,Infra,Object Storage,Google Cloud Storage,,,tools.json,0.6.0,active,Object Storage tasks,Google Cloud Storage used for object storage within Infra.,[],[],[],[],,growing,,,Varies,,,[],[],,,,,,['api'],"['python', 'js']",[],,[],2025-09-03,,
tool.storage.azure_blob_storage,Azure Blob Storage,tool,Infra,Object Storage,Azure Blob Storage,,,tools.json,0.6.0,active,Object Storage tasks,Azure Blob Storage used for object storage within Infra.,[],[],[],[],,growing,,,Varies,,,[],[],,,,,,['api'],"['python', 'js']",[],,[],2025-09-03,,
tool.storage.cloudflare_r2,Cloudflare R2,tool,Infra,Object Storage,Cloudflare R2,,,tools.json,0.6.0,active,Object Storage tasks,Cloudflare R2 used for object storage within Infra.,[],[],[],[],,growing,,,Varies,,,[],[],,,,,,['api'],"['python', 'js']",[],,[],2025-09-03,,
tool.queue.kafka,Kafka,tool,Infra,Messaging/Queues,Kafka,,,tools.json,0.6.0,active,Messaging/Queues tasks,Kafka used for messaging/queues within Infra.,[],[],[],[],,growing,,,Varies,,,[],[],,,,,,['api'],"['python', 'js']",[],,[],2025-09-03,,
tool.queue.rabbitmq,RabbitMQ,tool,Infra,Messaging/Queues,RabbitMQ,,,tools.json,0.6.0,active,Messaging/Queues tasks,RabbitMQ used for messaging/queues within Infra.,[],[],[],[],,growing,,,Varies,,,[],[],,,,,,['api'],"['python', 'js']",[],,[],2025-09-03,,
tool.queue.amazon_sqs,Amazon SQS,tool,Infra,Messaging/Queues,Amazon SQS,,,tools.json,0.6.0,active,Messaging/Queues tasks,Amazon SQS used for messaging/queues within Infra.,[],[],[],[],,growing,,,Varies,,,[],[],,,,,,['api'],"['python', 'js']",[],,[],2025-09-03,,
tool.queue.google_pub_sub,Google Pub/Sub,tool,Infra,Messaging/Queues,Google Pub/Sub,,,tools.json,0.6.0,active,Messaging/Queues tasks,Google Pub/Sub used for messaging/queues within Infra.,[],[],[],[],,growing,,,Varies,,,[],[],,,,,,['api'],"['python', 'js']",[],,[],2025-09-03,,
tool.workflow.apache_airflow,Apache Airflow,tool,Orchestration,Data/Task Orchestration,Apache Airflow,,,tools.json,0.6.0,active,Data/Task Orchestration tasks,Apache Airflow used for data/task orchestration within Orchestration.,[],[],[],[],,growing,,,Varies,,,[],[],,,,,,['api'],"['python', 'js']",[],,[],2025-09-03,,
tool.workflow.prefect,Prefect,tool,Orchestration,Data/Task Orchestration,Prefect,,,tools.json,0.6.0,active,Data/Task Orchestration tasks,Prefect used for data/task orchestration within Orchestration.,[],[],[],[],,growing,,,Varies,,,[],[],,,,,,['api'],"['python', 'js']",[],,[],2025-09-03,,
tool.workflow.dagster,Dagster,tool,Orchestration,Data/Task Orchestration,Dagster,,,tools.json,0.6.0,active,Data/Task Orchestration tasks,Dagster used for data/task orchestration within Orchestration.,[],[],[],[],,growing,,,Varies,,,[],[],,,,,,['api'],"['python', 'js']",[],,[],2025-09-03,,
tool.ab.optimizely,Optimizely,tool,Optimization,A/B Testing,Optimizely,,,tools.json,0.6.0,active,A/B Testing tasks,Optimizely used for a/b testing within Optimization.,[],[],[],[],,growing,,,Varies,,,[],[],,,,,,['api'],"['python', 'js']",[],,[],2025-09-03,,
tool.ab.vwo,VWO,tool,Optimization,A/B Testing,VWO,,,tools.json,0.6.0,active,A/B Testing tasks,VWO used for a/b testing within Optimization.,[],[],[],[],,growing,,,Varies,,,[],[],,,,,,['api'],"['python', 'js']",[],,[],2025-09-03,,
tool.ab.google_optimize_(legacy),Google Optimize (legacy),tool,Optimization,A/B Testing,Google Optimize (legacy),,,tools.json,0.6.0,active,A/B Testing tasks,Google Optimize (legacy) used for a/b testing within Optimization.,[],[],[],[],,growing,,,Varies,,,[],[],,,,,,['api'],"['python', 'js']",[],,[],2025-09-03,,
tool.flags.launchdarkly,LaunchDarkly,tool,Optimization,Feature Flags,LaunchDarkly,,,tools.json,0.6.0,active,Feature Flags tasks,LaunchDarkly used for feature flags within Optimization.,[],[],[],[],,growing,,,Varies,,,[],[],,,,,,['api'],"['python', 'js']",[],,[],2025-09-03,,
tool.flags.growthbook,GrowthBook,tool,Optimization,Feature Flags,GrowthBook,,,tools.json,0.6.0,active,Feature Flags tasks,GrowthBook used for feature flags within Optimization.,[],[],[],[],,growing,,,Varies,,,[],[],,,,,,['api'],"['python', 'js']",[],,[],2025-09-03,,
tool.flags.unleash,Unleash,tool,Optimization,Feature Flags,Unleash,,,tools.json,0.6.0,active,Feature Flags tasks,Unleash used for feature flags within Optimization.,[],[],[],[],,growing,,,Varies,,,[],[],,,,,,['api'],"['python', 'js']",[],,[],2025-09-03,,
tool.esign.docusign,DocuSign,tool,Documents,E-signature,DocuSign,,,tools.json,0.6.0,active,E-signature tasks,DocuSign used for e-signature within Documents.,[],[],[],[],,growing,,,Varies,,,[],[],,,,,,['api'],"['python', 'js']",[],,[],2025-09-03,,
tool.esign.hellosign,HelloSign,tool,Documents,E-signature,HelloSign,,,tools.json,0.6.0,active,E-signature tasks,HelloSign used for e-signature within Documents.,[],[],[],[],,growing,,,Varies,,,[],[],,,,,,['api'],"['python', 'js']",[],,[],2025-09-03,,
tool.docs.notion,Notion,tool,Docs,Knowledge/Docs,Notion,,,tools.json,0.6.0,active,Knowledge/Docs tasks,Notion used for knowledge/docs within Docs.,[],[],[],[],,growing,,,Varies,,,[],[],,,,,,['api'],"['python', 'js']",[],,[],2025-09-03,,
tool.docs.confluence,Confluence,tool,Docs,Knowledge/Docs,Confluence,,,tools.json,0.6.0,active,Knowledge/Docs tasks,Confluence used for knowledge/docs within Docs.,[],[],[],[],,growing,,,Varies,,,[],[],,,,,,['api'],"['python', 'js']",[],,[],2025-09-03,,
tool.docs.coda,Coda,tool,Docs,Knowledge/Docs,Coda,,,tools.json,0.6.0,active,Knowledge/Docs tasks,Coda used for knowledge/docs within Docs.,[],[],[],[],,growing,,,Varies,,,[],[],,,,,,['api'],"['python', 'js']",[],,[],2025-09-03,,
tool.pm.jira,Jira,tool,PM,Project Management,Jira,,,tools.json,0.6.0,active,Project Management tasks,Jira used for project management within PM.,[],[],[],[],,growing,,,Varies,,,[],[],,,,,,['api'],"['python', 'js']",[],,[],2025-09-03,,
tool.pm.linear,Linear,tool,PM,Project Management,Linear,,,tools.json,0.6.0,active,Project Management tasks,Linear used for project management within PM.,[],[],[],[],,growing,,,Varies,,,[],[],,,,,,['api'],"['python', 'js']",[],,[],2025-09-03,,
tool.pm.asana,Asana,tool,PM,Project Management,Asana,,,tools.json,0.6.0,active,Project Management tasks,Asana used for project management within PM.,[],[],[],[],,growing,,,Varies,,,[],[],,,,,,['api'],"['python', 'js']",[],,[],2025-09-03,,
tool.pm.trello,Trello,tool,PM,Project Management,Trello,,,tools.json,0.6.0,active,Project Management tasks,Trello used for project management within PM.,[],[],[],[],,growing,,,Varies,,,[],[],,,,,,['api'],"['python', 'js']",[],,[],2025-09-03,,
tool.pm.monday.com,Monday.com,tool,PM,Project Management,Monday.com,,,tools.json,0.6.0,active,Project Management tasks,Monday.com used for project management within PM.,[],[],[],[],,growing,,,Varies,,,[],[],,,,,,['api'],"['python', 'js']",[],,[],2025-09-03,,
tool.ops.sentry,Sentry,tool,Operations,Incident/Alerts,Sentry,,,tools.json,0.6.0,active,Incident/Alerts tasks,Sentry used for incident/alerts within Operations.,[],[],[],[],,growing,,,Varies,,,[],[],,,,,,['api'],"['python', 'js']",[],,[],2025-09-03,,
tool.ops.jira_service_management,Jira Service Management,tool,Operations,Incident/Alerts,Jira Service Management,,,tools.json,0.6.0,active,Incident/Alerts tasks,Jira Service Management used for incident/alerts within Operations.,[],[],[],[],,growing,,,Varies,,,[],[],,,,,,['api'],"['python', 'js']",[],,[],2025-09-03,,
tool.ops.pagerduty,PagerDuty,tool,Operations,Incident/Alerts,PagerDuty,,,tools.json,0.6.0,active,Incident/Alerts tasks,PagerDuty used for incident/alerts within Operations.,[],[],[],[],,growing,,,Varies,,,[],[],,,,,,['api'],"['python', 'js']",[],,[],2025-09-03,,
tool.ops.opsgenie,Opsgenie,tool,Operations,Incident/Alerts,Opsgenie,,,tools.json,0.6.0,active,Incident/Alerts tasks,Opsgenie used for incident/alerts within Operations.,[],[],[],[],,growing,,,Varies,,,[],[],,,,,,['api'],"['python', 'js']",[],,[],2025-09-03,,
tool.speech.elevenlabs,ElevenLabs,tool,Speech,TTS/STT,ElevenLabs,,,tools.json,0.6.0,active,TTS/STT tasks,ElevenLabs used for tts/stt within Speech.,[],[],[],[],,growing,,,Varies,,,[],[],,,,,,['api'],"['python', 'js']",[],,[],2025-09-03,,
tool.speech.deepgram,Deepgram,tool,Speech,TTS/STT,Deepgram,,,tools.json,0.6.0,active,TTS/STT tasks,Deepgram used for tts/stt within Speech.,[],[],[],[],,growing,,,Varies,,,[],[],,,,,,['api'],"['python', 'js']",[],,[],2025-09-03,,
tool.speech.assemblyai,AssemblyAI,tool,Speech,TTS/STT,AssemblyAI,,,tools.json,0.6.0,active,TTS/STT tasks,AssemblyAI used for tts/stt within Speech.,[],[],[],[],,growing,,,Varies,,,[],[],,,,,,['api'],"['python', 'js']",[],,[],2025-09-03,,
tool.speech.rev_ai,Rev AI,tool,Speech,TTS/STT,Rev AI,,,tools.json,0.6.0,active,TTS/STT tasks,Rev AI used for tts/stt within Speech.,[],[],[],[],,growing,,,Varies,,,[],[],,,,,,['api'],"['python', 'js']",[],,[],2025-09-03,,
tool.speech.coqui_tts,Coqui TTS,tool,Speech,TTS/STT,Coqui TTS,,,tools.json,0.6.0,active,TTS/STT tasks,Coqui TTS used for tts/stt within Speech.,[],[],[],[],,growing,,,Varies,,,[],[],,,,,,['api'],"['python', 'js']",[],,[],2025-09-03,,
tool.speech.whisper,Whisper,tool,Speech,TTS/STT,Whisper,,,tools.json,0.6.0,active,TTS/STT tasks,Whisper used for tts/stt within Speech.,[],[],[],[],,growing,,,Varies,,,[],[],,,,,,['api'],"['python', 'js']",[],,[],2025-09-03,,
tool.speech.whisperx,WhisperX,tool,Speech,TTS/STT,WhisperX,,,tools.json,0.6.0,active,TTS/STT tasks,WhisperX used for tts/stt within Speech.,[],[],[],[],,growing,,,Varies,,,[],[],,,,,,['api'],"['python', 'js']",[],,[],2025-09-03,,
tool.speech.azure_tts,Azure TTS,tool,Speech,TTS/STT,Azure TTS,,,tools.json,0.6.0,active,TTS/STT tasks,Azure TTS used for tts/stt within Speech.,[],[],[],[],,growing,,,Varies,,,[],[],,,,,,['api'],"['python', 'js']",[],,[],2025-09-03,,
tool.prepress.enfocus_pitstop,Enfocus PitStop,tool,Prepress & File,PDF/Image Processing,Enfocus PitStop,,,tools.json,0.6.0,active,PDF/Image Processing tasks,Enfocus PitStop used for pdf/image processing within Prepress & File.,[],[],[],[],,growing,,,Varies,,,[],[],,,,,,['api'],"['python', 'js']",[],,[],2025-09-03,,
tool.prepress.callas_pdftoolbox,callas pdfToolbox,tool,Prepress & File,PDF/Image Processing,callas pdfToolbox,,,tools.json,0.6.0,active,PDF/Image Processing tasks,callas pdfToolbox used for pdf/image processing within Prepress & File.,[],[],[],[],,growing,,,Varies,,,[],[],,,,,,['api'],"['python', 'js']",[],,[],2025-09-03,,
tool.prepress.adobe_acrobat_preflight,Adobe Acrobat Preflight,tool,Prepress & File,PDF/Image Processing,Adobe Acrobat Preflight,,,tools.json,0.6.0,active,PDF/Image Processing tasks,Adobe Acrobat Preflight used for pdf/image processing within Prepress & File.,[],[],[],[],,growing,,,Varies,,,[],[],,,,,,['api'],"['python', 'js']",[],,[],2025-09-03,,
tool.prepress.ghostscript,Ghostscript,tool,Prepress & File,PDF/Image Processing,Ghostscript,,,tools.json,0.6.0,active,PDF/Image Processing tasks,Ghostscript used for pdf/image processing within Prepress & File.,[],[],[],[],,growing,,,Varies,,,[],[],,,,,,['api'],"['python', 'js']",[],,[],2025-09-03,,
tool.prepress.imagemagick,ImageMagick,tool,Prepress & File,PDF/Image Processing,ImageMagick,,,tools.json,0.6.0,active,PDF/Image Processing tasks,ImageMagick used for pdf/image processing within Prepress & File.,[],[],[],[],,growing,,,Varies,,,[],[],,,,,,['api'],"['python', 'js']",[],,[],2025-09-03,,
tool.prepress.cloudinary,Cloudinary,tool,Prepress & File,PDF/Image Processing,Cloudinary,,,tools.json,0.6.0,active,PDF/Image Processing tasks,Cloudinary used for pdf/image processing within Prepress & File.,[],[],[],[],,growing,,,Varies,,,[],[],,,,,,['api'],"['python', 'js']",[],,[],2025-09-03,,
tool.prepress.filestack,Filestack,tool,Prepress & File,PDF/Image Processing,Filestack,,,tools.json,0.6.0,active,PDF/Image Processing tasks,Filestack used for pdf/image processing within Prepress & File.,[],[],[],[],,growing,,,Varies,,,[],[],,,,,,['api'],"['python', 'js']",[],,[],2025-09-03,,
tool.prepress.sharp_(node_image),Sharp (Node image),tool,Prepress & File,PDF/Image Processing,Sharp (Node image),,,tools.json,0.6.0,active,PDF/Image Processing tasks,Sharp (Node image) used for pdf/image processing within Prepress & File.,[],[],[],[],,growing,,,Varies,,,[],[],,,,,,['api'],"['python', 'js']",[],,[],2025-09-03,,
